title,description,cuisine,ingredient_list,serving,prep_time,cook_time,source,steps,recipe_url,image_url
Chicken yassa,"Inspired by their trip to Bristol, the Hairy Bikers make a warming Senegalese-style chicken yassa made with an abundance of onions marinated in Dijon mustard, lemon juice, ginger and chilli.",African,"['1 onion, grated', '4 garlic cloves, crushed', '15g/½oz ginger, peeled and grated', '2 tbsp Dijon mustard', '2 tbsp red wine vinegar', '1 lemon, juice only', '1 Scotch bonnet chilli, finely chopped', 'salt and freshly ground pepper', '8 chicken thighs, skin-on and bone-in', '2 tbsp vegetable oil', '4 onions, sliced', '3 bay leaves', '250ml/9fl oz chicken stock', '100g/3½oz green pitted olives']",Serves 6–8,less than 30 mins,30 mins to 1 hour,BBC Food,"['First mix all the marinade ingredients together and season with plenty of salt and pepper. Pour over the chicken thighs. Coat thoroughly, then cover and leave to marinate in the fridge for several hours, preferably overnight.', 'Take the chicken out of the fridge an hour before cooking to allow them to reach room temperature. Remove the thighs from the marinade and pat it dry. Retaining the marinade for later.', 'Heat the oil over medium heat in a large, wide-based casserole or lidded sauté pan. When hot, add the chicken, skin-side down, and cook until well browned. Turn and cook the underside for a few more minutes. Remove the chicken from the pan.', 'Add the onion and bay leaves and sauté on a low to medium heat until golden brown – it is important to get these quite caramelised. Add the reserved marinade to the pan and cook, stirring regularly for a few minutes until the base of the pan is completely deglazed.', 'Add the stock and return the chicken pieces to the pan, skin-side up. Put the lid on and bring to the boil, and cook for 10 minutes. Remove the lid, turn down the heat and simmer until the chicken is completely cooked through and the sauce has reduced.', 'Add the olives and heat for 1–2 minutes. Taste to check the seasoning and add more salt and pepper as necessary.', 'Serve hot alongside rice or couscous.']",https://www.bbc.co.uk/food/recipes/chicken_yassa_20973,https://ichef.bbci.co.uk/food/ic/food_16x9_832/recipes/chicken_yassa_20973_16x9.jpg
Cape Malay-style braised chicken curry,A curry from South Africa that combines sweet and savoury flavours. Perfect for a cosy evening.,African,"['1 whole chicken on the bone, skin on, separated into 6–8 pieces', '1 onion, chopped', '2 carrots, peeled and chopped', '3 celery sticks, chopped', '1 head garlic, cut in half', '2 tbsp coriander seeds', '1 tbsp cumin seeds', '1 cinnamon stick', '3 cardamom pods, crushed', '4 whole cloves', '1–2 tsp sea salt', '1 tbsp black peppercorns', '2 tbsp white wine vinegar', '2 tbsp soft light brown sugar', '100g/3½oz apricot jam', '2 tbsp vegetable oil', '1 onion, diced', '4 garlic cloves, chopped', '1 tsp chopped fresh root ginger', '1 green pepper, seeds removed and diced', '2 beef tomatoes, chopped', '1 Maris Piper potato, peeled and diced', '1 sweet potato, peeled and diced', '1 tsp ground coriander', '1 tsp ground cumin', '2 tbsp curry powder', '1 tsp ground turmeric', '2 tsp ground fennel seeds', '1 green chilli, spilt', '150g/5½oz baby spinach', 'salt and freshly ground black pepper', '2 tbsp chopped fresh coriander', 'freshly steamed basmati rice']",Serves 4,less than 30 mins,over 2 hours,BBC Food,"['To make the chicken, place all of the ingredients in a large casserole and just cover with water. Bring to the boil, then reduce to a very gentle simmer for 2 hours. Remove the chicken from the pan and retain 400ml/14fl oz of the cooking liquor. Discard the rest, keeping the chicken.', 'To make the vinegar mixture, mix all of the ingredients together in a bowl. Set aside.', 'To make the curry, heat the oil in a large saucepan, over a medium heat and fry the onion, garlic, ginger, green pepper and tomato for 10 minutes or until softened.', 'Add the potato and sweet potato, spices, green chilli and 200ml/7fl oz of the chicken cooking stock. Simmer for 20 minutes until the vegetables are tender. Stir in the vinegar mixture. Add the cooked chicken and another 200ml/7fl oz of the stock. Taste and season with salt and pepper.', 'Carefully stir in the spinach and serve the curry in bowls with the coriander and basmati rice.']",https://www.bbc.co.uk/food/recipes/cape_malay-style_braised_02015,https://ichef.bbci.co.uk/food/ic/food_16x9_832/recipes/cape_malay-style_braised_02015_16x9.jpg
Lamb and apricot Cape Malay curry,"Creating your own Cape Malay curry powder gives a fresher, fruiter and full-bodied flavour to this dish.",African,"['1 shoulder of lamb (approximately 1kg/2lb 4oz), diced', '1 tsp ground coriander', '1 tsp ground cumin', '1 tsp garam masala', '2 tsp ground turmeric', '1 tbsp tamarind paste', '2 tsp dried chillies', '1 tsp fennel seeds', '3 garlic cloves', '1 cinnamon stick', '3 garlic cloves, finely grated', '1 red chilli, finely chopped', '1cm/½in piece fresh root ginger, finely grated', '2 tbsp sunflower oil', '2 onions, thinly sliced', '2 tsp dried chilli flakes', '1 tsp fennel seeds', '3 garlic cloves', '1cm/½in piece fresh root ginger, finely grated', '2 tbsp tomato purée', '400g tin chopped tomatoes', 'large handful dried apricots, roughly chopped', '2 tbsp apricot chutney', '100g/3½oz desiccated coconut', 'bunch fresh coriander, roughly chopped, to serve', '50g/1¾oz fresh coconut, grated, to serve', '500g/1lb 2oz dried couscous', '1 small cucumber, diced', '1 pomegranate, seeds only', 'bunch fresh basil, roughly chopped', 'bunch flatleaf parsley, roughly chopped', 'bunch fresh coriander, roughly chopped', 'handful dried apricots, roughly chopped', '4 spring onions, roughly chopped']",Serves 4,less than 30 mins,1 to 2 hours,BBC Food,"['To make the lamb, mix all the marinade ingredients together in a large bowl. Add the lamb and gently massage until completely covered in the marinade. Cover and leave to marinate in the fridge for at least 1 hour.', 'To make the curry, heat the oil in a frying pan over a medium heat. Fry the onions, chilli, fennel, garlic and ginger until soft and then stir in the tomato purée.', 'Stir in the tinned tomatoes and add the marinated lamb. Pour in enough water so the lamb is just covered and simmer for about 1 hour.', 'Add the dried apricots, chutney and desiccated coconut and simmer for 10 minutes.', 'Meanwhile, cook the couscous according to the packet instructions and stir in the remaining ingredients', 'Sprinkle the coriander and grated fresh coconut over the curry and serve alongside the couscous.']",https://www.bbc.co.uk/food/recipes/lamb_and_apricot_cape_72967,
Pork with monkey gland sauce,"Many South Africans would say that you can’t have a braai (South African barbecue) without monkey gland sauce, a sweet and tangy sauce that goes perfectly with grilled meats.",African,"['50ml/2fl oz vegetable oil', '3 red onions, chopped', '2 garlic cloves, finely chopped', 'thumb-sized piece fresh root ginger, grated', '75ml/2.5fl oz brandy', '250g/9oz apricot chutney', '2 tbsp wholegrain mustard', '2 tbsp Worcestershire sauce', '100ml/3½fl oz tomato ketchup', '200ml/7fl oz chicken stock', '1 pinch chilli flakes', '1 tsp smoked paprika', 'salt and freshly ground black pepper', '4 x 250g/9oz pork chops', '200g/7oz monkey gland sauce (see above)', '2 tbsp fresh coriander', '4 tbsp pickled mustard seeds', '2 tbsp garlic chives', 'salt and freshly ground black pepper']",Serves 4,less than 30 mins,30 mins to 1 hour,BBC Food,"['For the monkey gland sauce, add the oil and onions to a pan and fry over a medium heat until softened. Add the garlic and ginger and fry for another 5 minutes. Deglaze the pan with the brandy. Add the rest of the ingredients for the sauce and cook for 30 minutes over a gentle heat.', 'For the pork chops, preheat a barbecue to hot. Season each pork chop generously with salt and freshly ground black pepper and then cook on the barbecue for 7–8 minutes on each side (or use a griddle pan). Remove the chops from the barbecue using tongs and leave, covered, to rest in a wam place for another 8 minutes.', 'To serve, glaze the pork chops with the monkey gland sauce and garnish with the pickled mustard seeds, garlic chives, a few coriander leaves']",https://www.bbc.co.uk/food/recipes/pork_monkey_gland_sauce_52929,
Grilled pork chops with blatjang and radishes,Blatjang is a rich and fruity Cape Malay condiment traditionally served with bobotie and other meat dishes. Here it's delicious with spiced pork chops.,African,"['80g/3oz salt', '1 tsp coriander seeds', '1 tsp fennel seeds', '2 star anise', '1 tbsp roughly chopped stem ginger', '250g/9oz pork chops, trimmed', '350g/12oz dried apricots', '175g/6oz raisins', '7g/¼oz black mustard seeds', '7g/¼oz white mustard seeds', '250g/9oz caster sugar', '375ml/13fl oz cider vinegar', '100g/3½oz ground almonds', 'handful dried apricots, finely chopped', '1 red chilli, finely chopped', 'handful fresh coriander leaves', '½ mooli, thinly sliced', '½ black radish, thinly sliced', '10 breakfast radishes, thinly sliced', 'olive oil, for drizzling', 'salt and freshly ground black pepper', 'watercress, to serve']",Serves 4,overnight,30 mins to 1 hour,BBC Food,"['To make the pork chops, put the salt, coriander seeds, fennel seeds, star anise and stem ginger in a saucepan with 1.5 litres/2¾ pints water. Heat gently, then remove from the heat and chill until cold.', 'Put the pork chops in a container and pour over the cold marinade. Cover and leave in the fridge for 6 hours.', 'Preheat a barbecue or grill to the highest setting.', 'To make the blatjang, mix together the whole dried apricots, raisins, both types of mustard seeds, sugar and vinegar in a saucepan. Cook over a low heat for 15 minutes, or until thickened. Stir in the ground almonds, chopped apricots, chilli and coriander.', 'Grill the marinated pork chops for 5 minutes on each side, or until cooked through.', 'Meanwhile, to make the radishes, mix the mooli with the black radish and breakfast radishes, drizzle over the oil and season.', 'Serve the pork chops with the blatjang and radishes and scatter over the watercress.']",https://www.bbc.co.uk/food/recipes/grilled_pork_chops_with_74983,
Classic cheeseburger with special sauce and cheese skirt,"Anthony Murphy shares his irresistible burger recipe, featuring dill pickles and a caramelised ‘cheese skirt’.",American,"['230g/8oz mayonnaise', '80g/3oz American mustard', '80g/3oz store-bought tomato relish', '80ml/5 tbsp store-bought French dressing', '2 tsp black peppercorns', '2 tbsp mustard seeds', '120ml/4fl oz white malt vinegar', '2 tbsp caster sugar', 'pinch chilli flakes', '2 tbsp salt', '250g/9oz baby cucumbers, thinly sliced', '2 garlic cloves, thinly sliced', 'small bunch fresh dill, chopped', '2 slices bacon', '170g/6oz quality minced beef (preferably a mix of chuck and brisket)', '2 brioche buns, sliced in half', '2 slices American cheese', '2 slices Swiss cheese', '1 red onion, sliced', '¼ iceberg lettuce, shredded', '100g/3½oz grated mild cheddar']",Serves 2,30 mins to 1 hour,10 to 30 mins,BBC Food,"['To make the special sauce, combine all ingredients in a bowl and set aside.', 'To make the pickles, set a small frying pan over a medium heat and add the peppercorns and mustard seeds. Toast until fragrant, then pour in 240ml/8½fl oz water and the vinegar. Add the sugar, chilli flakes and salt, then stir until they are all dissolved and the liquid just starts to boil. Remove from the heat.', 'Put the cucumbers, garlic and dill into a sterilised jar and pour over the warm pickling liquor. Keep in the fridge until needed.', 'Heat a large non-stick frying pan over medium-high heat. Add the bacon to the pan. Fry for 2–3 minutes on each side, or until the fat is golden. Remove and keep warm.', 'To make the burger patties, separate the beef mince into two equally sized balls. In the same pan, place the patty balls on the hot surface and smash the burger into the frying pan with a spatula or burger smasher. Season with salt and pepper and cook for 3 minutes. Flip the patties and cook for a further 3 minutes.', 'On the base of the brioche bun, layer the special sauce, patties, slice of each cheese, a tablespoon of pickles, bacon, red onion slices and lettuce leaves.', 'Finally, make the ‘cheese skirt’. Divide the cheddar into two mounds in the hot frying pan, Allow the cheese to crisp up and caramelise, then flip the cheese disks over to cook the other side.', 'Finish the burger with the cheese skirt and bun lid and enjoy one of the most indulgent cheese burgers yet.']",https://www.bbc.co.uk/food/recipes/classic_cheeseburger_70664,https://ichef.bbci.co.uk/food/ic/food_16x9_832/recipes/classic_cheeseburger_70664_16x9.jpg
Sticky PX-glazed chicken wings with pickled salad,"Paul Ainsworth’s chicken wings feature regularly on the menu at his Padstow restaurant, Caffè Rojano. Try them yourself this weekend.",American,"['250ml/9fl oz Pedro Ximénez sherry', '40g/1½ oz black treacle', '150g/5½oz tomato ketchup', '60ml/4 tbsp dark soy sauce', '1 tsp hot smoked paprika', '30g/1oz honey', '35g/1¼ oz sriracha', '50g/1¾oz caster sugar', '50ml/2fl oz white wine vinegar', '5g yellow mustard seeds', '1 tbsp extra virgin olive oil', '1 pinch Cornish sea salt', '1 red onion, sliced', '½ red cabbage, finely sliced', '2 tbsp olive oil', '12 chicken wings', '¼ cucumber, de-seeded and sliced', '5g chopped fresh chives']",Serves 4,less than 30 mins,10 to 30 mins,BBC Food,"['Preheat the oven to 200C/180C Fan/Gas 6.', 'Pour the sherry into a medium-sized saucepan. Bring to the boil and reduce by half (to about 125ml/4fl oz). Add the rest of the PX glaze ingredients and reduce until nice and thick (a ketchup-like consistency).', 'For the pickled salad, put the sugar, white wine vinegar, mustard seeds, olive oil, sea salt and 150ml/5fl oz water into a small saucepan and bring to the boil. Once boiled set aside and leave to cool.', 'Add the red onion and red cabbage to the pickling liquid. Steep for at least 2 hours before eating. The longer they pickle for, the better the vegetables will taste.', 'For the chicken wings, add the olive oil to a large ovenproof frying pan. Place over a high heat and carefully add the wings to the hot oil, one by one. Fry for 3 minutes on each side, then transfer the frying pan to the preheated oven. If you don’t have an ovenproof frying pan, you can use a baking tray or ovenproof dish. Cook for around 10 minutes, turning the wings over after 5 minutes.', 'Take the chicken wings out of the oven, blot on kitchen paper, then transfer to a bowl and add some of the PX glaze until they are sticky and delicious. Serve on a large plate in the middle of the table and top with some of the pickled salad, fresh cucumber and chopped chives.']",https://www.bbc.co.uk/food/recipes/sticky_px-glazed_chicken_26292,
Chicken parmigiana,"Anna Del Conte's chicken parmigiana is the easy Italian-American chicken bake that's perfect for midweek cooking. Crunchy, cheesy and with an easy tomato sauce, this is sure to become a family favourite.",American,"['2 tbsp olive oil', '2 garlic cloves, crushed', '400g tin chopped tomatoes', '4 chicken breasts', '50g/1¾oz dry breadcrumbs (panko breadcrumbs work well)', '1 free-range egg, beaten', '25g/1oz butter', 'pinch dried chilli flakes', '100g/3½oz mozzarella, cut into 5mm/¼in-thick slices', 'handful fresh basil or oregano leaves', 'salt']",Serves 4,less than 30 mins,30 mins to 1 hour,BBC Food,"['Heat 1 tablespoon of the oil in a saucepan over a medium heat and fry the garlic until soft. Add the tomatoes and gently simmer for 30 minutes.', 'Preheat the oven to 220C/200C Fan/Gas 7. Lay the chicken breasts in between two sheets of baking paper and bash with a meat tenderiser or rolling pin, until flattened slightly.', 'Season the breadcrumbs with salt in a shallow bowl or plate. Put the egg in another shallow bowl. Coat the chicken in the egg and then in the breadcrumbs.', 'Heat the remaining oil and the butter in a frying pan over a medium–high heat. Add the chicken and cook for 5 minutes, or until crisp, turning halfway through.', 'Put half of the tomato sauce in a shallow ovenproof dish. Lay the chicken on top, scatter with the chilli flakes and cover with the remaining sauce. Top with the mozzarella and cover with a lid or foil. Bake for 10 minutes.', 'Uncover the chicken and bake for a further 8–10 minutes, depending on the thickness of the breast, until cooked through. Top with the basil and serve.']",https://www.bbc.co.uk/food/recipes/chicken_parmigiana_40336,https://ichef.bbci.co.uk/food/ic/food_16x9_832/recipes/chicken_parmigiana_40336_16x9.jpg
Air fryer chicken parmigiana,"A firm family favourite, this is traditionally served with spaghetti but it is just as delicious with a simple crisp green salad.",American,"['1 small garlic clove, sliced', '½ onion, thinly sliced', '1 small carrot, peeled, halved lengthwise and thinly sliced', '100g/3½oz cherry tomatoes, halved', 'olive oil spray', '1 basil sprig (or small handful basil leaves)', 'salt and freshly ground black pepper', '2 chicken breasts', '1 large free-range egg, beaten', '50g/1¾oz panko breadcrumbs', '15g/½oz Parmesan, finely grated', '50g/1¾oz mozzarella, sliced', 'small handful parsley leaves, roughly chopped, to garnish']",Serves 2,less than 30 mins,10 to 30 mins,BBC Food,"['To make the sauce, heat the air fryer to 200C. In a heatproof tray or bowl that will fit inside the air fryer, mix together the garlic, onion, carrot and cherry tomatoes. Spray a few times with the olive oil spray and season well with salt and pepper. Cook for 8–10 minutes, until soft. Transfer to a blender or food processor, add the basil and blend to a smooth purée. Set aside.', 'To make the chicken, lay the chicken breasts on a piece of baking paper and cover with another sheet of baking paper. Use the end of a rolling pin to bash the breasts until about 2cm/¾in thick.', 'Heat the air fryer to 205C. Place the egg in a small, wide bowl. Mix the panko breadcrumbs with most of the Parmesan, reserving about 2 teaspoons, in a wide bowl or large plate.', 'Dip the chicken breasts first into the egg mixture and then into the Parmesan breadcrumbs. Press well to ensure a good, even coating (if there are any uncoated patches, dip into the egg and breadcrumbs again).', 'Lay the chicken breasts in the air fryer (you may need to do one at a time, depending on the size of your air fryer) and cook for 10 minutes, turning the chicken over after 6 minutes.', 'When the chicken is golden and cooked through, remove from the air fryer and spoon half of the tomato sauce over each breast, then top with the mozzarella and a sprinkling of the reserved Parmesan. Return to the air fryer for 3 minutes to melt the cheese, then remove and garnish with the parsley.']",https://www.bbc.co.uk/food/recipes/air_fryer_chicken_breast_37977,https://ichef.bbci.co.uk/food/ic/food_16x9_832/recipes/air_fryer_chicken_breast_37977_16x9.jpg
Hot dog with fries and gravy,"Stuff your next hot dog with caramelised onions, buttery crisp bacon and pickles. Serve with shoestring fries, drenched in gravy.",American,"['200g/7oz beef trimmings', '1 tbsp olive oil', '10 button mushrooms, halved', '1 banana shallot, roughly chopped', '3 garlic cloves, roughly chopped', '1 bay leaf', '2 bunches fresh thyme', 'handful black peppercorns', '175ml/6fl oz red wine', '1 litre/1¾ pint chicken stock', '1 litre/1¾ pint veal stock', '1 tsp red wine vinegar', '25g/1oz unsalted butter', '2 onions, thinly sliced', '2 tbsp olive oil', '50g/1¾oz unsalted butter', 'pinch salt', '5 rashers streaky bacon', '50g/1¾oz unsalted butter', '2 medium potatoes, peeled and cut into 1cm thick fries', '1 tbsp olive oil', 'pinch salt', '30g/1oz curd cheese', '30g/1oz pickled jalapenos', '2 hot dog sausages', '2 hot dog buns', '30g/1oz curd cheese', '25g/1oz ketchup', '25g/1oz yellow mustard', '1 tsp fresh chives, finely chopped', '5 pieces pickled cucumber']",Serves 2,less than 30 mins,10 to 30 mins,BBC Food,"['Preheat the oven to 200C/180C Fan/Gas 6. To make the beef gravy, add the beef trimmings to a flameproof roasting pan with the olive oil and roast until golden, around 15 minutes. Add the mushrooms, shallot, garlic, the herbs, and peppercorns and cook until caramelised, another 20 minutes.', 'Transfer the roasting pan to a medium heat on the hob, add the red wine to deglaze and cook for 5 minutes until reduced. Add the stocks and simmer until the volume of the liquid is reduced by one third. Strain the gravy through a sieve into a small saucepan on a low heat, finish with the red wine vinegar and butter. Turn off the heat and put to one side.', 'To make the caramelised onions, put a large frying pan over a low heat with the butter and oil. Cook the onions gently until golden and soft, this will take 15–20 minutes. Drain the fat and season with salt. Set aside.', 'Meanwhile, make the crispy bacon. Put a small frying pan over a low heat and add the butter. When foaming, add the bacon and cook until golden. Drain and remove all the fat. Chop into a fine crumb. Set aside.', 'To make the hot dogs, add the sausages to a griddle pan on a high heat with the oil. Cook for around 5 minutes, turning regularly, until lightly coloured on all sides. Transfer to a baking tray and roast in the oven for around 10 minutes.', 'Meanwhile to make the fries – toss them in a large bowl with the oil and seasoning. Cook in an air fryer at 200C for 10–15 minutes, until crispy.', 'Cut a ‘V’ shape out of the buns using a serrated knife. Place the caramelised onions in the bottom of each bun and top with the sausages. Divide the curd cheese between the top of each sausage and place in oven for 1 minute to melt and warm the buns. Squeeze the mustard and ketchup over the top and garnish with the pickled cucumbers, crispy bacon and chives.', 'To finish the fries, heat the gravy and pour over the top of the cooked fries. Finish with a scattering of the curd cheese and the jalapeños. Serve alongside the hot dogs.']",https://www.bbc.co.uk/food/recipes/hot_dog_with_fries_and_74533,https://ichef.bbci.co.uk/food/ic/food_16x9_832/recipes/hot_dog_with_fries_and_74533_16x9.jpg
Poached sea trout with summer vegetables and saffron aioli,"Summertime sea trout, served simply with steamed vegetables and a quick homemade mayonnaise. Use sea bass instead, if you like.",British,"['2 tbsp olive oil', '3 garlic cloves, sliced', '1 string cherry vine tomatoes, halved', '125ml/4fl oz white wine', '1 tbsp capers', '200ml/⅓pt fish stock', '1 bay leaf', '2 x 250g/9oz thick piece of sea trout, bass or other thick white fish', '2 baby fennels, halved', '2 baby courgettes, sliced', '3 runner beans, sliced', '2 tbsp fresh peas', '2 tbsp broad beans, podded', '6 gooseberries, sliced', 'few saffron strands in lemon juice', '2 free-range egg yolks', '1 tbsp Dijon mustard', 'vegetable oil', 'pinch salt']",Serves 2,less than 30 mins,10 to 30 mins,BBC Food,"['Heat a splash of olive oil in a large, deep frying pan over a medium heat. Add the garlic and fry until coloured for 1–2 minutes, then add the tomatoes. Pour in the wine to deglaze the pan, then add the capers, stock and bay leaf. Add the fish and poach gently for 6–8 minutes until just cooked.', 'Meanwhile, steam all the vegetables and gooseberries.', 'For the mayo, mix the saffron with the yolks, mustard and some salt. Slowly beat in the vegetable oil. Or make in a food processor. Looking for the consistency of mayonnaise.', 'Serve the fish with the summer vegetables and the saffron aioli.']",https://www.bbc.co.uk/food/recipes/poached_sea_trout_with_59796,
Scotch broth,This cheap and cheerful soup is perfect for the slow cooker - simply tip in all the ingredients and cook on high for 6-8 hours (or until the barley is soft).,British,"['250g/8oz carrots, peeled, diced', '250g/8oz turnips, diced', '2 onions, diced', '1 celery stalk, diced', '1 leek, white part only, sliced', '75-125g/3-4oz pearl barley', '125g/4oz dried peas, soaked in water for 4-5 hours, drained', 'salt and freshly ground black pepper', '2.3litres/4 pints lamb or mutton stock', '85g/3oz kale, chopped (optional)']",Serves 6-8,over 2 hours,1 to 2 hours,BBC Food,"['Heat all of the ingredients, except the kale, in a large saucepan until boiling.', 'Reduce the heat and simmer gently for a 2-3 hours, or until the peas and pearl barley are soft.', 'Stir in the kale and cook for a further 10-12 minutes, or until the kale is tender. Season, to taste, with salt and freshly ground black pepper.']",https://www.bbc.co.uk/food/recipes/scotchbroth_8116,https://ichef.bbci.co.uk/food/ic/food_16x9_832/recipes/scotchbroth_8116_16x9.jpg
Chicken salad,"A fresh and colourful, high protein chicken salad for two, perfect as a relaxed summer lunch or packed into a picnic. By chopping all the ingredients into bite-size pieces, every mouthful becomes a different mix of flavours and textures. Each serving provides 633 kcal, 68.3g protein, 25.3g carbohydrate (of which 6.1g sugars), 26.4g fat (of which 2.9g saturates), 10.9g fibre and 0.32g salt.",British,"['2 chicken breasts (approx. 350g/12oz), boneless and skinless', '1 tbsp rapeseed or olive oil', '400g tin chickpeas', '1 unwaxed lemon, zest and juice', '2 spring onions, washed, trimmed and finely sliced', '10 cherry tomatoes, cut into quarters', '¼ cucumber (approx. 100g/3½oz), cut into small chickpea-sized cubes', '10g/⅓oz fresh mint leaves (approx. 1 handful), finely chopped', '10g/⅓oz fresh parsley leaves, (approx. 1 handful), finely chopped', '2 tbsp mayonnaise', '2 small handfuls of mixed salad leaves', 'salt and freshly ground black pepper']",Serves 2,less than 30 mins,10 to 30 mins,BBC Food,"['Season the chicken breasts both sides with salt and pepper. Place a frying pan on a medium heat and add the oil. Cook the breasts for 6–8 minutes on each side or until cooked through then transfer them to a plate to rest for a few minutes and cool slightly.', 'In a sieve, drain and lightly rinse the chickpeas then give a little shake to dry. Tip them into a large mixing bowl and stir in the lemon zest and juice.', 'Add in the spring onions, cherry tomatoes, cucumber, mint, parsley and mayonnaise, season with salt and pepper then mix well.', 'Slice the chicken into bite-sized pieces and add to the bowl along with the salad leaves. Mix again then serve.']",https://www.bbc.co.uk/food/recipes/chicken_salad_12627,https://ichef.bbci.co.uk/food/ic/food_16x9_832/recipes/chicken_salad_12627_16x9.jpg
Toad in the hole,You've got to love a warming toad-in-the-hole recipe when there's a nip in the air. Skip the garlic cabbage if you like and serve with another green vegetable of your choice. This is designed to be a low cost recipe.,British,"['175g/6oz plain flour', 'salt and black pepper', '3 free-range eggs', '300ml/10fl oz milk', '2 tbsp olive oil', '8 sausages', '1 tbsp olive oil', '2 onions, finely sliced', '½ tsp English mustard', '500ml/18fl oz stock (from a stock cube, ideally beef although chicken or vegetable is fine)', '1 Savoy cabbage, shredded, core discarded', '½ tbsp olive oil', '2 garlic cloves, peeled and finely chopped']",Serves 4,1-2 hours,30 mins to 1 hour,BBC Food,"['For the batter, sieve the flour into a bowl and season with salt and pepper. Make a well in the middle and break in the eggs. Whisk the eggs slowly into the flour. Once combined, pour in the milk while you whisk so that you have a smooth, lump-free batter the consistency of double cream (if the batter is too thick then add a little water). Cover the batter and rest in the fridge for one hour.', 'Preheat the oven to 200C/180C Fan/Gas 6.', 'For the onion gravy, heat a heavy-based frying pan over a low heat. Add the oil, onions and a pinch of salt. Cook gently for 15–20 minutes, or until completely collapsed and dark golden-brown in colour. If the onions are cooking too quickly, then cover with a lid while they cook.', 'Once the onions are completely softened and dark golden-brown, stir in the mustard and a pinch of pepper and then add the stock. Bring the mixture to the boil, reduce to a simmer and simmer for 10–15 minutes, or until the volume of liquid has reduced by half. Taste and adjust the seasoning as necessary.', 'Put a roasting tray (about 30x20x6cm/12x8x2½in) into the preheated oven. Once really hot, add the olive oil and the sausages. Brown the sausages in the hot oven, turning now and again until coloured on all sides (they don’t need to be cooked through).', 'Whisk the rested batter and pour it into the hot tin over the browned sausages. Return to the oven and cook for a further 30–35 minutes, or until the batter is risen and golden-brown all over.', 'While the toad in the hole is cooking, prepare the cabbage. Wilt the shredded cabbage in a high sided frying pan or shallow saucepan with 3–4 tablespoons of water over a medium high heat for 6–8 minutes, stirring occasionally. Once the cabbage is tender pour off any excess water (or add it to the gravy).', 'Add the oil to the pan along with the garlic. Fry over a medium high heat for 2–3 minutes, or until the garlic is softened and aromatic. Season the cabbage with salt and pepper and keep warm.', 'Reheat the onion gravy and serve the cooked toad in the hole in wedges with the cabbage alongside.']",https://www.bbc.co.uk/food/recipes/toad_in_the_hole_with_86283,https://ichef.bbci.co.uk/food/ic/food_16x9_832/recipes/toad_in_the_hole_with_86283_16x9.jpg
Easy chicken casserole,"An easy chicken casserole recipe should be in every cook's little black book and this one will go down well with all of the family. Serve with mashed or boiled potatoes, or rice. Each serving provides 425 kcal, 48g protein, 13g carbohydrates (of which 7.5g sugars), 19g fat (of which 5g saturates), 5g fibre and 2.4g salt.",British,"['8 bone-in, skin-on chicken thighs (around 850g/1lb 14oz)', '1 tbsp olive or sunflower oil', '1 onion, thinly sliced', '4 rashers smoked back bacon, cut into roughly 2cm/¾in slices', '150g/5½oz small mushrooms, halved or quartered if larger', '3 medium carrots, peeled and cut into roughly 1.5cm/⅝in slices', '20g/¾oz plain flour (around 2 tbsp)', '1 tsp dried thyme or 1 tbsp fresh thyme leaves', '500ml/18fl oz hot chicken stock (made with 1 stock cube)', '1 medium leek, trimmed and cut into roughly 1cm/½in slices', 'salt and freshly ground black pepper']",Serves 4,less than 30 mins,1 to 2 hours,BBC Food,"['Preheat the oven 190C/170C Fan/Gas 5. Season the chicken thighs all over with a little salt and lots of black pepper.', 'Heat the oil in a large non-stick casserole pan over a medium heat and fry the chicken for 7–8 minutes, skin-side down, or until the skin is nicely browned. Turn and cook on the other side for 3 minutes more. Transfer to a plate.', 'Return the pan to the heat and add the onion, bacon and mushrooms. Fry over a medium-high heat for 4–5 minutes, or until lightly browned, stirring regularly. Add the carrots and flour and toss together well.', 'Sprinkle with the thyme, then pour in the stock, a little at a time, stirring well between each addition. Add the chicken pieces back to the pan and bring to a gentle simmer. Cover the pan with a lid.', 'Place in the oven and cook for 45 minutes. Take out of the oven and stir in the leeks.', 'Return to the oven for a further 15 minutes, or until the chicken and leeks are tender and the sauce has thickened. Serve.']",https://www.bbc.co.uk/food/recipes/chickencasserole_85719,https://ichef.bbci.co.uk/food/ic/food_16x9_832/recipes/chickencasserole_85719_16x9.jpg
Mutton-stuffed johnny cakes with curry broth and pickle,"Johnny cakes are popular in the Caribbean – they are served here with a spicy mutton filling, a curry broth and escovitch pickle.",Caribbean,"['2 fresh thyme sprigs (about 10g)', '1 bay leaf', '50g/1¾oz flatleaf parsley', '4 spring onions, chopped', '10 garlic cloves, chopped', '1 Scotch bonnet, chopped', '6 small Caribbean seasoning peppers (or mixture red, yellow or green pimento peppers), approximately 20g/¾oz, chopped', '½ onion, chopped', '400ml/14fl oz olive oil', '1kg/2lb 4oz chopped mutton, on the bone', 'large pinch salt', '1–2 tsp unsalted butter', '1 tsp turmeric', '1 tsp black cardamom, bashed', '1 tsp ground cumin', '1 tsp ground coriander', '2 star anise', '1 cinnamon stick', '1 onion, finely diced', '1 Scotch bonnet, finely chopped', '1 carrot, peeled and chopped', '1 litre/1¾ pints beef or lamb stock', '2 generous pinches salt', '500g/1lb 2oz self-raising flour, plus extra for dusting', '400ml tin coconut milk', '20g/¾oz caster sugar (or coconut sugar)', '1 tsp turmeric', '1 tsp Caribbean curry powder', '4 tsp baking powder', '2 tsp salt', '2 tbsp coconut milk', '1 free-range egg yolk, lightly beaten', '1 onion, very thinly sliced', '2 Scotch bonnets, very thinly sliced', '1 large beetroot, peeled and very thinly sliced', 'handful green leek tops, very thinly sliced', '250ml/9fl oz white vinegar', '300ml/½pt water', '20g/¾oz caster sugar', '1 tsp allspice berries', '5g black peppercorns', '4 tbsp olive oil']",Serves 4,overnight,over 2 hours,BBC Food,"['To make the Antigua green seasoning, blend all of the ingredients together with a hand blender or in a food processor. Keep in a screw-top jar in the fridge.', 'To make the mutton, place the meat in a large bowl and add 3 tablespoons of the green seasoning (store any remaining seasoning back in the fridge). Season with the salt, stir to coat and leave to marinate for 2 hours in the fridge. Brown the meat in the butter until golden, for 10–15 minutes. Fry in batches so as not to overcrowd the pan. Then set aside for later.', 'To make the curry, heat a small splash of oil in a large casserole and fry the spices for a couple of minutes. Add the onion and cook until softened. Add the Scotch bonnet and gently fry for a further couple of minutes. Add the carrot and fry for few minutes. Add the browned meat and give it a good stir. Pour in the stock and add the salt. Cover and simmer for around 4 hours or until the meat is meltingly tender. Keep an eye on the levels of liquid in the pan and keep topping up so that the meat is covered. Once cooked, remove the meat with a slotted spoon, leaving the liquor behind in the pan as this will become the broth. Set the meat aside to cool completely (overnight in the fridge ideally) and then pull the meat from the bone.', 'To make the johnny cakes, bring all of the ingredients together in a large bowl to form a soft dough. Lightly dust a work surface with flour, tip the dough out and knead gently for 2–3 minutes. Divide into 12–16 even-sized pieces and roll them into rough balls. Leave on a tray and cover with a tea towel for 30 minutes.', 'Preheat the oven to 170C/150C Fan/Gas 3. Roll out each ball of dough into a rough circle and, using a 9cm/3½in round cookie cutter, cut out 12–16 circles. Take a tablespoon of the chilled meat that you have pulled off the bone and place in the middle of each circle. Bring the dough up around the meat and pinch gently at the top to create a dumpling or patty shape. Lay on a baking tray lined with baking paper. Brush each johnny cake with a mix of the coconut milk and egg yolk and bake in middle of the oven for around 25 minutes until golden.', 'Meanwhile, place the remaining cooking liquor from the mutton curry over a medium–high heat and gently simmer until it reduces a little. Once bubbling, turn off the heat and stir through a little butter.', 'To make the pickle, slice all the vegetables evenly and very thinly – use a mandolin to make it easier but a good sharp knife will do just as well. Place all the vegetables in a saucepan and add the sugar, spices, vinegar and water. Place over a low heat and stir to dissolve the sugar for a few minutes. Set aside to cool. Blend the pickle mixture with a hand blender or in a food processor and add some oil to emulsify it. Place in a squeezy bottle.', 'Serve the johnny cakes and broth with the pickle for squeezing over.']",https://www.bbc.co.uk/food/recipes/mutton-stuffed_johnny_28895,
Jamaican-style beef and pepper stir fry,"Jazz-up your weekday stir fry with rib-eye strips in a jerk marinade, a trio of peppers and herb-heavy green seasoning.",Caribbean,"['250g/9oz rib-eye steak, sliced', '1–2 tbsp jerk seasoning', '2 tsp smoked paprika', '1 tbsp onion powder', '1 tbsp olive oil', '1 red onion, chopped', '½ red pepper, slice into strips', '½ green pepper, sliced into strips', '½ yellow pepper, sliced into strips', '1 small piece scotch bonnet chilli', '3 garlic cloves, chopped', '1 tbsp chopped fresh root ginger', '½ tbsp chopped fresh thyme', '2 tbsp honey', '1 tbsp tomato ketchup', '1 tbsp Worcestershire sauce', 'cooked rice, to serve', '½ bunch fresh coriander', '½ bunch fresh parsley', '½ bunch fresh chives', '3 garlic cloves, peeled', '2 tbsp vegetable oil', '2 green chillies, chopped', '1 bunch spring onions, chopped', '1 green pepper, deseeded and chopped', '2 limes, juice only', '1 tsp freshly ground black pepper']",Serves 2,over 2 hours,10 to 30 mins,BBC Food,"['Toss the beef slices and seasoning ingredients in a large bowl. Set to one side for a few hours, or overnight.', 'Set a large frying pan over a high heat. Add the olive oil and, once hot, place the marinated beef into the pan and fry for 2–3 minutes to cook the outside. Remove and set aside.', 'Tip the oil out of the steak pan (discard it), then add the red onion, peppers and scotch bonnet chilli. Sauté for 15 minutes until soft.', 'Meanwhile, to make the green seasoning, put all the ingredients into a blender or food processor and blend until smooth. Set aside.', 'When the veggies are soft, add the garlic, ginger, thyme and 4 tablespoons of the green seasoning to the pan. Stir in the honey, ketchup, Worcestershire sauce and finally the beef. Check the seasoning and serve with cooked rice.']",https://www.bbc.co.uk/food/recipes/jamaican-style_pepper_74364,
"Fried chicken, ital vegetables and rundown sauce",All the flavours of the Caribbean are here in this delicious celebration dish that is perfect for a summer dinner party or special occasion meal. Serve with Andi's sweet potato roti .,Caribbean,"['1 tbsp vegetable oil', '1 onion, thinly sliced', '3 garlic cloves, finely chopped', '1 Scotch Bonnet, left whole', '2 tsp cumin', '2 tsp ground coriander', '2½ tsp ground allspice', '2 tsp coarsely ground black pepper', '2 tsp ground turmeric', '2 cinnamon sticks', '400ml tin coconut milk', '100g/3½oz coconut cream, grated', '6 cherry tomatoes', '200ml/7fl oz vegetable stock', '1 free-range egg', '50ml/2fl oz milk', '100g/3½oz plain flour', '1 tsp ground cumin', '1 tsp paprika', '1 tsp ground coriander', '1 tsp ground allspice', '2 chicken thighs, skin on, boneless and cut into 3 pieces each', '100g/3½oz breadcrumbs', 'vegetable oil, for frying', 'salt and freshly ground black pepper', '3 tbsp vegetable oil', '2 large onions, cut into quarters', '1 red onion, cut into quarters', '2 large carrots, peeled, diced and par-boiled', '2 tsp ground cumin', '2 tsp ground coriander', '2 tsp ground turmeric', '125g/4½oz spinach, wilted and chopped', '125g/4½oz rainbow chard, wilted and chopped', '100ml/3½fl oz white vinegar', '100g/3½oz caster sugar', '6 black peppercorns, crushed', '1 mango, peeled and chopped', '1 long red chilli, finely sliced', '2 tbsp chopped fresh coriander', '4 spring onions, chopped', '2 tbsp chopped fresh flatleaf parsley']",Serves 4,30 mins to 1 hour,30 mins to 1 hour,BBC Food,"['To make the rundown sauce, heat the oil in a frying pan and gently fry the onion and garlic. Add the scotch bonnet and fry until the onions are softened. Add all of the spices, stir gently and let it sizzle for a few minutes. Add the coconut milk and coconut cream and simmer gently for about 20 minutes. Add the tomatoes and stock and simmer gently for a further 30 minutes to reduce and thicken.', 'To make the fried chicken, beat the egg and milk together in a small jug. Mix the flour, cumin, paprika, coriander and allspice in a wide bowl and season with salt and pepper. Dip each chicken piece into the egg mixture, then the flour mixture, then back into the egg and then into the breadcrumbs. Chill in the fridge for about 30 minutes. Preheat a deep fat fryer to 180C. (CAUTION: hot oil can be dangerous. Do not leave unattended.) Fry the chicken pieces in the deep fat fryer for 3 minutes on each side until golden. Carefully transfer to kitchen paper to drain.', 'To make the ital vegetables, preheat the oven to 200C/180C Fan/Gas 6. Heat 1 tablespoon of oil in a frying pan and fry the onions until slightly softened. Add the carrots and spices to the pan and stir to mix. Transfer to a roasting tin and drizzle the remaining oil over the vegetables. Roast for 25 minutes or until tender. Remove from the oven and stir through the greens.', 'To make the pickle, place the vinegar, sugar and peppercorns in a saucepan and heat until the sugar is dissolved. Leave to cool a little and add the mango and chilli. Leave to pickle for 10 minutes.', 'Serve the chicken and ital vegetables on plates and pour the rundown sauce on top. Garnish with coriander, spring onion, and parsley. Finish with the mango pickle.']",https://www.bbc.co.uk/food/recipes/sweet_potato_roti_with_41915,https://ichef.bbci.co.uk/food/ic/food_16x9_832/recipes/sweet_potato_roti_with_41915_16x9.jpg
Jamaican beef patties,These spicy Jamaican patties are a traditional staple in the Caribbean. They make a great picnic or barbecue addition.,Caribbean,"['300g/10½oz plain flour, plus extra for dusting', '1½ tbsp Madras curry powder', '1½ tbsp ground turmeric', 'pinch salt', '165g/5¾oz unsalted butter, chilled and diced', '1 large free-range egg, beaten', '2 tbsp rapeseed oil', '1 onion, finely diced', '4 large garlic cloves, crushed', '2 tsp Madras curry powder', '2½ tbsp snipped chives', '1½ tbsp chopped thyme leaves', '300g/10½oz lean beef mince', '125ml/4fl oz beef stock', '1 tsp molasses sugar (or dark brown sugar)', '1 tsp Scotch bonnet hot sauce or 1cm/½in piece Scotch bonnet chilli, finely chopped', '1 slice white or wholemeal bread, torn into tiny pieces', 'salt and freshly ground black pepper', '2 tbsp rapeseed oil', '1 tbsp freshly squeezed orange juice', '2 tbsp lime juice', '1½ tsp honey', '1½ tsp caster sugar', '1½ tsp grated ginger', 'salt and freshly ground black pepper', '8 heritage tomatoes, sliced', '4 small oranges, peeled and sliced', '¼ red onion, finely sliced', 'salt and freshly ground black pepper']",Serves 6,1-2 hours,30 mins to 1 hour,BBC Food,"['For the pastry, sift together the flour, curry powder, turmeric and salt into the bowl of a food processor. Add the butter and pulse until the mixture looks like coarse sand. With the motor running, gradually add 4–6 tablespoons of ice cold water until the dough starts to come together. Add just enough water to bind the dough.', 'Roll the dough into a ball and wrap in cling film. Leave to rest in the fridge for 30 minutes. (You can also prepare the pastry for this recipe in advance, just bring it back to room temperature before rolling out).', 'For the filling, heat the oil in a large saucepan, add the onion and a pinch of salt and cook for about 5–10 minutes until softened. Add the garlic, curry powder, chives and thyme (and if you are using fresh Scotch bonnet, add this now too). Leave to cook for another minute, until the aromas are released. Add the minced beef, breaking it up with a wooden spoon and allow it to brown all over for about 5 minutes.', 'Add the stock, sugar and scotch bonnet hot sauce, bring to the boil and reduce the heat. Cover the pan with a lid and let the mixture simmer for about 10 minutes. Add the bread, return the lid to the pan and let the mixture continue to simmer for a further 10 minutes. Remove the pan from the heat, season with salt and pepper and leave to cool.', 'Preheat the oven to 220C/200 Fan/Gas 7.', 'Remove the pastry from the fridge and roll out with a flour-dusted rolling pin onto a large sheet of greaseproof paper to a thickness of about 3mm. Cut out six circles from the pastry, using a side plate as a guide for the sizing.', 'Divide the filling between the six circles, spooning the mixture on to one half of each pastry circle and leaving space around the edge to allow for sealing the pastry. Wet the edges of the pastry and fold the non-filled half of the pastry over the filled half and use a fork to press down all around the edges.', 'Place the patties on a baking tray, brush with the egg and bake for 20 minutes, or until the pastry is golden and cooked through.', 'For the ginger-citrus dressing, whisk together all the ingredients, ensuring they are well combined. Season with salt and pepper.', 'For the salad, arrange the tomato, orange and red onion on serving plates and pour over the dressing. Sprinkle over a pinch of sea salt and pepper. Leave to sit for 20 minutes at room temperature, to allow the flavours to develop.', 'Serve the patties with the salad alongside.']",https://www.bbc.co.uk/food/recipes/jamaican_beef_patties_28917,https://ichef.bbci.co.uk/food/ic/food_16x9_832/recipes/jamaican_beef_patties_28917_16x9.jpg
Curry chicken with escovitch pickle and mofongo,"This recipe is a real showcase of the best of Caribbean cooking – spicy chicken curry, tangy escovitch pickle and mashed plantain mofongo. You will need Andi Oliver's green seasoning for this recipe.",Caribbean,"['8 chicken thighs and/or legs, skin on and bone-in', 'splash lemon juice or white wine vinegar (optional)', '3 tbsp green seasoning', '1 tsp salt', '3 garlic cloves, finely grated', '1 Scotch bonnet or any chilli, finely chopped', '2 tbsp ghee or rapeseed oil', '1 large onion, finely chopped', '3 tbsp Caribbean curry powder', '375ml/13fl oz chicken stock', '2 tbsp chopped fresh coriander, to garnish', 'julienned spring onions, to garnish', 'julienned green chillies, to garnish', '1 lime, juice only', '1 blood orange, juice only', '3 tbsp caster sugar', '1 tsp allspice berries', '1 tsp juniper berries', '1 tsp black peppercorns', '50g/1¾oz coconut shavings', '1 onion or shallot, thinly sliced', '1 Scotch bonnet chilli (or 2 if you like it truly hot), finely sliced', '½ carrot, peeled and thinly sliced', '½ red pepper, seeds removed and thinly sliced', '½ green pepper, seeds removed and thinly sliced', '2 tbsp neutral oil, such as rapeseed or sunflower oil, for frying', '200g/7oz streaky bacon, thinly sliced', '7 unripe green plantains or bananas, peeled and chopped into even-sized chunks', '6 garlic cloves, peeled and left whole', 'handful pork scratchings', '2 tbsp good-quality extra virgin olive oil', '1 lime, juice only', '4 tbsp caramelised onions', '2–3 tbsp chopped fresh flatleaf parsley or coriander, to garnish', 'salt and freshly ground black pepper']",Serves 6–8,overnight,1 to 2 hours,BBC Food,"['Place the chicken in a large bowl. Add the green seasoning, salt and roughly half of the garlic and chilli. Mix with your hands so that the chicken is well coated. Marinate the chicken in the fridge, ideally overnight or for a minimum of 30 minutes.', 'Heat the ghee in a large saucepan over a medium–high heat. Fry the marinated chicken until nicely browned on all sides, then remove from the pan to a plate and set aside.', 'Lower the heat to medium–low, then add the onion and remaining garlic and chilli. Lightly fry for 5 minutes until slightly softened. Add the curry powder and just a little splash of water, enough to form a paste. Gently cook for 2 minutes, being careful not to burn the spices.', 'Add the browned chicken back to the pan and stir well, making sure it is completely coated in the curry paste. Increase the heat to medium–high, add the stock, cover the pan and simmer for about 1 hour until the chicken is cooked through and tender. The chicken is cooked through when the juices run clear with no trace of pink when the thickest part of the leg, between the drumstick and the thigh, is pierced with a skewer.', 'To make the escovitch pickle, bring the vinegar, sugar, spices and 3½ tablespoons water to a simmer in a saucepan over a medium heat, stirring a little to dissolve the sugar. Remove from the heat and add all of the remaining ingredients to the pan. Leave to cool and pickle. Stir in the shaved coconut.', 'To make the mofongo, heat the neutral oil in a frying pan and fry the bacon until crispy. Turn off the heat, remove the meat to a plate and set aside. Leave the fat that has come out of the meat in the pan to make a sauce later.', 'Soak the plantain in a bowl of water seasoned with a large pinch of salt for 15 minutes. The salty water will season the plantain or bananas and take away some of the chalkiness. Drain and dry them well using kitchen paper.', 'Heat a generous splash of the neutral oil in a heavy-based frying pan over a medium–low heat. Fry the plantains for about 10–15 minutes until soft and lightly golden brown. Drain the excess oil on kitchen paper and set aside to cool.', 'Add the garlic, bacon, pork scratchings and extra virgin oil to a large bowl and mash them together using the end of a rolling pin or a pestle. Gradually add the cooked plantain and continue to vigorously mash until everything is thoroughly combined. Season with salt and pepper and add the lime juice to taste. Pack individual portions of the mixture into 6–8 small bowls or dessert moulds and flip onto serving plates. Garnish with the caramelised onions and coriander.', 'Garnish the chicken curry with the coriander, spring onions and green chilli. Serve the curry and pickle on the plates with the mofongo.']",https://www.bbc.co.uk/food/recipes/curry_chicken_with_61342,https://ichef.bbci.co.uk/food/ic/food_16x9_832/recipes/curry_chicken_with_61342_16x9.jpg
